Date,Region,Product,Sales,Customer
2024-05-23,North,Widget C,1104,Customer 185
2024-03-13,West,Widget D,1013,Customer 290
2024-02-05,South,Widget D,2813,Customer 100
2024-06-08,East,Widget B,942,Customer 42
2024-02-06,East,Widget D,1255,Customer 280
2024-05-26,South,Widget B,1171,Customer 144
2024-03-24,West,Widget C,1472,Customer 20
2024-05-09,West,Widget B,1145,Customer 95
2024-01-31,West,Widget A,1507,Customer 144
2024-04-15,East,Widget A,2039,Customer 160
2024-02-19,West,Widget A,1802,Customer 258
2024-02-06,East,Widget C,2579,Customer 101
2024-05-29,North,Widget A,1944,Customer 163
2024-02-20,East,Widget B,1750,Customer 27
2024-01-24,South,Widget C,2760,Customer 62
2024-02-03,South,Widget D,2117,Customer 50
2024-02-21,West,Widget C,578,Customer 234
2024-02-28,South,Widget C,2047,Customer 276
2024-01-06,East,Widget A,1395,Customer 16
2024-03-20,West,Widget C,2703,Customer 143
2024-06-05,West,Widget D,1640,Customer 154
2024-06-25,West,Widget B,1754,Customer 283
2024-05-04,East,Widget D,571,Customer 90
2024-05-05,West,Widget B,1777,Customer 105
2024-06-18,North,Widget B,1388,Customer 177
2024-04-05,South,Widget D,2272,Customer 192
2024-02-10,East,Widget D,1356,Customer 237
2024-06-13,South,Widget B,2230,Customer 186
2024-03-21,South,Widget C,1775,Customer 253
2024-05-01,West,Widget C,558,Customer 67
2024-05-18,East,Widget A,1678,Customer 261
2024-03-04,North,Widget C,1963,Customer 142
2024-05-26,West,Widget C,636,Customer 178
2024-06-09,West,Widget C,2711,Customer 146
2024-05-20,South,Widget D,1380,Customer 114
2024-03-13,North,Widget A,1314,Customer 229
2024-01-08,West,Widget D,1647,Customer 167
2024-06-06,East,Widget A,1772,Customer 5
2024-02-10,South,Widget A,2463,Customer 89
2024-05-28,South,Widget A,1447,Customer 81
2024-06-04,West,Widget D,2876,Customer 213
2024-03-02,North,Widget B,2589,Customer 243
2024-03-20,East,Widget A,2488,Customer 290
2024-01-28,South,Widget A,876,Customer 212
2024-01-28,West,Widget A,1821,Customer 91
2024-05-23,East,Widget A,1166,Customer 55
2024-05-03,North,Widget A,2079,Customer 266
2024-05-14,West,Widget C,1215,Customer 55
2024-03-13,North,Widget A,672,Customer 119
2024-01-16,North,Widget A,2287,Customer 186
2024-01-22,South,Widget B,2064,Customer 273
2024-06-12,East,Widget D,2321,Customer 60
2024-02-14,West,Widget A,1288,Customer 178
2024-02-08,West,Widget D,2845,Customer 242
2024-03-08,East,Widget A,1264,Customer 7
2024-04-03,West,Widget C,1334,Customer 118
2024-06-21,East,Widget C,946,Customer 213
2024-01-15,West,Widget D,1478,Customer 23
2024-03-20,East,Widget B,2754,Customer 20
2024-03-10,South,Widget D,2966,Customer 111
2024-02-11,North,Widget A,1417,Customer 154
2024-06-04,North,Widget D,876,Customer 103
2024-01-25,East,Widget B,1180,Customer 193
2024-06-28,East,Widget D,1912,Customer 152
2024-02-01,East,Widget A,1383,Customer 22
2024-03-22,East,Widget C,2914,Customer 143
2024-03-16,North,Widget D,2734,Customer 271
2024-04-22,East,Widget D,1288,Customer 3
2024-05-01,East,Widget C,1613,Customer 93
2024-06-19,West,Widget B,2620,Customer 299
2024-03-31,West,Widget D,708,Customer 154
2024-05-26,East,Widget B,2039,Customer 75
2024-05-30,South,Widget A,2257,Customer 97
2024-05-03,West,Widget D,2089,Customer 196
2024-03-24,North,Widget C,777,Customer 169
2024-06-26,South,Widget C,1504,Customer 59
2024-06-03,North,Widget D,1435,Customer 244
2024-01-03,North,Widget B,2065,Customer 75
2024-03-06,North,Widget A,2930,Customer 78
2024-02-18,West,Widget D,1944,Customer 130
2024-04-19,East,Widget A,2936,Customer 270
2024-02-11,East,Widget D,1350,Customer 298
2024-01-16,North,Widget A,1075,Customer 53
2024-01-16,West,Widget D,2175,Customer 12
2024-01-13,East,Widget C,2038,Customer 45
2024-06-23,North,Widget A,1852,Customer 196
2024-05-31,South,Widget B,1083,Customer 267
2024-05-27,North,Widget A,2921,Customer 42
2024-01-27,East,Widget A,1139,Customer 100
2024-04-02,West,Widget A,1472,Customer 222
2024-05-12,East,Widget D,2859,Customer 292
2024-06-12,South,Widget C,1939,Customer 180
2024-05-13,North,Widget C,1470,Customer 296
2024-03-21,East,Widget A,1327,Customer 158
2024-03-08,East,Widget D,1229,Customer 125
2024-02-12,South,Widget D,1270,Customer 215
2024-01-10,East,Widget B,1218,Customer 221
2024-02-17,East,Widget B,2124,Customer 22
2024-04-06,East,Widget B,1386,Customer 272
2024-06-14,South,Widget A,2444,Customer 270
2024-01-04,East,Widget B,2800,Customer 197
2024-03-02,East,Widget D,1327,Customer 287
2024-03-24,South,Widget D,1969,Customer 153
2024-01-26,East,Widget C,1418,Customer 209
2024-06-18,East,Widget B,2739,Customer 56
2024-02-05,West,Widget A,2496,Customer 2
2024-04-28,East,Widget C,1316,Customer 156
2024-06-24,West,Widget C,1740,Customer 7
2024-05-01,East,Widget D,2251,Customer 16
2024-04-01,North,Widget D,2141,Customer 138
2024-02-06,North,Widget B,2232,Customer 189
2024-02-25,East,Widget B,2688,Customer 266
2024-06-14,West,Widget B,2607,Customer 133
2024-05-25,South,Widget A,1233,Customer 68
2024-06-02,North,Widget B,1162,Customer 154
2024-06-15,North,Widget A,1039,Customer 218
2024-05-16,East,Widget C,2273,Customer 285
2024-04-22,South,Widget B,1893,Customer 105
2024-03-31,West,Widget D,1472,Customer 232
2024-02-27,East,Widget C,1214,Customer 183
2024-03-26,South,Widget B,2273,Customer 272
2024-04-12,South,Widget A,1788,Customer 273
2024-05-23,South,Widget D,1493,Customer 168
2024-02-21,North,Widget C,1742,Customer 205
2024-03-19,East,Widget D,598,Customer 52
2024-01-19,South,Widget C,2968,Customer 257
2024-03-16,West,Widget A,512,Customer 289
2024-04-29,East,Widget A,1983,Customer 277
2024-01-07,West,Widget A,1602,Customer 129
2024-04-20,North,Widget B,1498,Customer 117
2024-03-06,North,Widget A,1517,Customer 2
2024-04-04,East,Widget C,2150,Customer 226
2024-05-01,East,Widget A,2103,Customer 78
2024-06-04,South,Widget C,2621,Customer 126
2024-06-18,West,Widget B,1952,Customer 136
2024-01-29,East,Widget C,504,Customer 281
2024-05-12,West,Widget D,1723,Customer 214
2024-02-12,East,Widget D,742,Customer 156
2024-04-23,West,Widget D,2120,Customer 20
2024-06-05,East,Widget D,1244,Customer 251
2024-04-25,West,Widget D,1968,Customer 143
2024-02-11,North,Widget B,1622,Customer 113
2024-06-20,North,Widget D,2430,Customer 120
2024-04-19,North,Widget C,1673,Customer 78
2024-03-20,East,Widget D,2330,Customer 282
2024-01-24,North,Widget A,2780,Customer 214
2024-04-03,North,Widget B,2135,Customer 274
2024-02-28,South,Widget A,1514,Customer 155
2024-01-08,East,Widget A,1517,Customer 108
2024-01-20,East,Widget D,1747,Customer 199
2024-02-13,North,Widget B,711,Customer 100
2024-01-12,North,Widget B,2128,Customer 89
2024-06-20,North,Widget D,1271,Customer 38
2024-03-27,South,Widget A,2762,Customer 219
2024-06-26,East,Widget A,1001,Customer 15
2024-01-11,East,Widget B,921,Customer 180
2024-04-10,South,Widget A,1530,Customer 271
2024-06-17,South,Widget B,670,Customer 6
2024-06-04,East,Widget B,2600,Customer 201
2024-02-18,South,Widget C,576,Customer 34
2024-05-22,West,Widget A,2749,Customer 81
2024-04-15,South,Widget B,1229,Customer 275
2024-04-05,East,Widget D,2331,Customer 242
2024-03-08,West,Widget C,2853,Customer 58
2024-06-06,West,Widget C,2315,Customer 226
2024-06-25,East,Widget A,1762,Customer 60
2024-01-01,North,Widget B,2752,Customer 134
2024-05-06,East,Widget C,660,Customer 280
2024-05-10,North,Widget A,2734,Customer 221
2024-03-08,South,Widget B,2569,Customer 166
2024-01-09,West,Widget A,850,Customer 18
2024-02-26,North,Widget A,1147,Customer 232
2024-02-16,West,Widget C,2615,Customer 222
2024-01-28,North,Widget C,2122,Customer 68
2024-03-05,South,Widget D,1848,Customer 28
2024-02-02,North,Widget C,1727,Customer 168
2024-04-21,East,Widget B,832,Customer 300
2024-04-05,East,Widget A,2408,Customer 10
2024-05-17,East,Widget D,987,Customer 49
2024-03-18,East,Widget D,2748,Customer 61
2024-03-13,East,Widget A,1092,Customer 100
2024-04-05,West,Widget D,1401,Customer 228
2024-03-31,West,Widget A,1334,Customer 202
2024-04-11,East,Widget A,1275,Customer 163
2024-02-06,South,Widget D,1843,Customer 60
2024-05-23,West,Widget B,1898,Customer 99
2024-03-21,South,Widget A,2029,Customer 255
2024-03-26,North,Widget B,2911,Customer 111
2024-04-01,North,Widget C,1633,Customer 254
2024-01-02,West,Widget C,546,Customer 221
2024-03-24,North,Widget C,1282,Customer 267
2024-06-06,North,Widget C,1091,Customer 137
2024-06-18,North,Widget B,962,Customer 33
2024-06-10,East,Widget C,1908,Customer 70
2024-03-01,East,Widget D,1264,Customer 56
2024-06-14,South,Widget C,1672,Customer 93
2024-06-16,South,Widget D,2852,Customer 89
2024-01-27,West,Widget D,1696,Customer 18
2024-06-24,South,Widget B,941,Customer 290
2024-06-25,North,Widget D,1908,Customer 177
2024-01-31,East,Widget D,2198,Customer 239
2024-03-08,West,Widget C,667,Customer 289
2024-06-01,West,Widget B,855,Customer 159
2024-05-01,West,Widget C,1537,Customer 211
2024-04-06,South,Widget B,1844,Customer 37
2024-02-23,South,Widget C,673,Customer 108
2024-04-22,North,Widget D,681,Customer 269
2024-06-17,North,Widget C,2214,Customer 219
2024-01-22,East,Widget B,1336,Customer 196
2024-06-26,West,Widget C,975,Customer 264
2024-03-24,West,Widget A,1635,Customer 71
2024-04-14,South,Widget C,744,Customer 62
2024-03-25,North,Widget A,1117,Customer 206
2024-06-21,South,Widget C,1907,Customer 96
2024-06-01,East,Widget B,2286,Customer 291
2024-04-22,West,Widget B,1253,Customer 277
2024-04-25,West,Widget C,2209,Customer 71
2024-03-19,East,Widget A,2481,Customer 194
2024-04-17,East,Widget D,1572,Customer 277
2024-04-24,West,Widget A,2639,Customer 145
2024-02-22,East,Widget A,1013,Customer 238
2024-03-27,West,Widget D,1284,Customer 120
2024-04-04,South,Widget B,1178,Customer 93
2024-01-29,South,Widget C,2493,Customer 119
2024-02-19,West,Widget C,1016,Customer 147
2024-01-30,West,Widget A,1640,Customer 8
2024-04-30,East,Widget C,2576,Customer 256
2024-01-31,West,Widget C,2274,Customer 165
2024-06-06,East,Widget C,752,Customer 81
2024-01-05,East,Widget C,805,Customer 93
2024-06-20,South,Widget C,1038,Customer 94
2024-05-30,West,Widget B,728,Customer 56
2024-03-19,South,Widget B,1833,Customer 146
2024-02-24,South,Widget B,595,Customer 281
2024-01-08,East,Widget A,1273,Customer 14
2024-06-05,North,Widget D,1311,Customer 95
2024-04-20,North,Widget C,1473,Customer 296
2024-06-21,East,Widget C,2312,Customer 189
2024-01-19,North,Widget B,932,Customer 6
2024-06-16,South,Widget D,2054,Customer 30
2024-01-31,West,Widget D,1046,Customer 273
2024-01-15,East,Widget C,1887,Customer 94
2024-03-28,East,Widget B,2614,Customer 193
2024-06-11,West,Widget A,2504,Customer 255
2024-04-28,North,Widget D,656,Customer 119
2024-03-22,North,Widget B,2633,Customer 106
2024-04-28,South,Widget D,500,Customer 40
2024-04-15,West,Widget D,1013,Customer 64
2024-06-25,North,Widget C,1698,Customer 184
2024-06-07,South,Widget B,2994,Customer 223
